dataset,classifier,meta_model,predicted_resampling,actual_best_resampling,regret,top1_correct,top3_correct,full_evaluation_time_seconds,selected_strategy_time_seconds,savings_seconds,savings_percent
ecoli-0_vs_1,logistic_regression,ridge,adasyn,smote_tomek,0.0147637471075949,False,False,1.0172460999999973,0.1576374999999998,0.8596085999999975,84.50350411763681
glass1,logistic_regression,ridge,smote_tomek,smote_enn,0.0143628179194276,False,False,1.0580544999999988,0.1421527999999998,0.9159016999999989,86.56469964448901
haberman,logistic_regression,ridge,smote,smote_enn,0.0171839979701443,False,False,0.8455914999999994,0.1387938999999995,0.7067975999999999,83.5861760672855
iris0,logistic_regression,ridge,none,none|ros|rus|smote|smote_tomek|smote_enn,0.0,True,True,1.3112554,0.2810267000000017,1.0302286999999983,78.56811876618379
page-blocks0,logistic_regression,ridge,smote,none,0.0210066011660191,False,False,9.3963722,0.8389156999999994,8.5574565,91.07191922431511
pima,logistic_regression,ridge,smote_tomek,none,0.0062858801486762,False,False,1.3584931999999998,0.2450669999999997,1.1134262000000001,81.96038081015055
segment0,logistic_regression,ridge,smote,none,0.0008669573849962,False,False,5.788029100000001,0.3373682000000002,5.450660900000001,94.1712767131734
shuttle-c0-vs-c4,logistic_regression,ridge,smote,none|ros|rus|smote|smote_tomek|smote_enn,0.0,True,True,3.4081883999999985,0.5711854999999986,2.8370029,83.24078856673538
vehicle2,logistic_regression,ridge,smote,ros,0.0090311928433667,False,True,2.9005068000000014,0.4186257000000006,2.4818811000000007,85.56715329886487
vowel0,logistic_regression,ridge,smote,none,0.0588865532813794,False,False,2.2967455999999977,0.1878190999999986,2.108926499999999,91.82238119885811
wisconsin,logistic_regression,ridge,adasyn,smote_enn,0.0046246776866826,False,False,1.2072141000000007,0.1723124,1.0349017000000007,85.72644239327558
yeast1,logistic_regression,ridge,smote,rus,0.0086258997884367,False,False,2.0565516000000006,0.2157355,1.8408161000000005,89.50984259281411
ecoli-0_vs_1,decision_tree,ridge,none,smote_enn,0.0197429799218161,False,True,0.7773905000000008,0.1590112999999995,0.6183792000000012,79.54550512258648
glass1,decision_tree,ridge,smote_enn,none,0.0673993159717691,False,True,0.7398563999999996,0.1206399000000004,0.6192164999999993,83.69414659385248
haberman,decision_tree,ridge,none,smote_enn,0.0738865721727286,False,False,0.6776106999999986,0.0980717999999996,0.579538899999999,85.52682240702518
iris0,decision_tree,ridge,smote_enn,none|ros|rus|smote|smote_tomek|smote_enn,0.0,True,True,0.9672043000000058,0.1949620000000003,0.7722423000000055,79.84272815991419
page-blocks0,decision_tree,ridge,smote_enn,none,0.0082818692591836,False,True,7.595065100000003,2.3035964,5.291468700000003,69.66982679318971
pima,decision_tree,ridge,none,smote_enn,0.0297209746565257,False,True,1.4682680999999986,0.1650589,1.3032091999999986,88.75825879483453
segment0,decision_tree,ridge,smote_enn,adasyn,0.0025480174110458,False,True,5.426655400000001,2.1604484,3.2662070000000014,60.188214641379304
shuttle-c0-vs-c4,decision_tree,ridge,none,none|ros|rus|smote|smote_tomek|smote_enn,0.0,True,True,2.1616400000000002,0.2338208999999995,1.9278191000000007,89.1831711108233
vehicle2,decision_tree,ridge,smote_enn,none,0.0189238752142956,False,True,1.5138356999999996,0.5276239999999994,0.9862117000000001,65.14654793779803
vowel0,decision_tree,ridge,smote_enn,adasyn,0.0324289080078161,False,False,1.0065831999999975,0.2290269000000009,0.7775562999999965,77.24709691161134
wisconsin,decision_tree,ridge,smote_enn,none,0.0063400093606426,False,True,0.9080225999999996,0.1703713999999996,0.7376512,81.2370969621241
yeast1,decision_tree,ridge,smote_enn,none,0.0091555799781563,False,True,2.4684808,0.5484498000000002,1.9200309999999998,77.78188916843104
ecoli-0_vs_1,random_forest,ridge,smote_tomek,none|ros|smote_enn,0.0049792328142211,False,True,24.150073400000004,3.322800000000001,20.827273400000003,86.24103560695596
glass1,random_forest,ridge,smote_enn,ros,0.0779389794333992,False,False,28.071075199999996,4.714617400000002,23.356457799999994,83.20471386860164
haberman,random_forest,ridge,none,smote_enn,0.126097070794012,False,False,25.6776669,3.2899539000000004,22.387712999999998,87.18748898483452
iris0,random_forest,ridge,none,none|ros|rus|smote|smote_tomek|smote_enn,0.0,True,True,23.793170899999996,4.362116699999998,19.4310542,81.66651801757118
page-blocks0,random_forest,ridge,smote_enn,none,0.0236988687902717,False,False,38.514595,6.665589199999999,31.8490058,82.69334209537969
pima,random_forest,ridge,smote_tomek,smote_enn,0.0041315592984536,False,True,29.841652900000007,4.433129900000001,25.408523000000006,85.14448943275525
segment0,random_forest,ridge,smote_enn,adasyn,0.00532618426621,False,False,33.744479600000005,6.211198700000004,27.5332809,81.59343758260239
shuttle-c0-vs-c4,random_forest,ridge,smote_enn,none|ros|rus|smote|smote_tomek|smote_enn,0.0,True,True,23.252858400000004,4.728439100000003,18.5244193,79.66512753546033
vehicle2,random_forest,ridge,smote_enn,none,0.0029510640977388,False,False,26.958349599999995,3.5685097,23.389839899999995,86.76287772453252
vowel0,random_forest,ridge,adasyn,none,0.0507342377684669,False,False,18.800692899999998,2.7080026000000004,16.092690299999997,85.59626172075816
wisconsin,random_forest,ridge,smote_enn,smote_tomek,0.0096349253381279,False,True,30.321272399999998,3.139296800000004,27.181975599999994,89.64655322314243
yeast1,random_forest,ridge,smote_enn,smote_tomek,0.0388621127551078,False,False,29.201667399999995,3.790132399999997,25.411534999999997,87.02083566639075
ecoli-0_vs_1,xgboost,ridge,adasyn,smote_enn,0.0148497924919828,False,False,7.87697159999999,1.0988431999999977,6.778128399999993,86.04992812212248
glass1,xgboost,ridge,adasyn,ros,0.0081573112895297,False,True,9.6801854,1.4006162000000018,8.279569199999997,85.5311015014237
haberman,xgboost,ridge,ros,smote_enn,0.082013642164018,False,False,8.419521400000008,1.4859182000000004,6.933603200000007,82.35151228429683
iris0,xgboost,ridge,none,none|ros|rus|smote|smote_tomek|smote_enn,0.0,True,True,6.3298311,0.983847400000002,5.345983699999998,84.45697231952994
page-blocks0,xgboost,ridge,adasyn,none,0.01798818029755,False,False,34.46027029999999,5.967174700000001,28.49309559999999,82.68390048002613
pima,xgboost,ridge,adasyn,none,0.0056860041966825,False,False,10.513094800000012,1.719032299999995,8.794062500000017,83.64865595999387
segment0,xgboost,ridge,adasyn,none,0.0026462818553163,False,True,22.42828750000003,3.2758981000000063,19.152389400000025,85.39390000239652
shuttle-c0-vs-c4,xgboost,ridge,ros,none|ros|smote|smote_tomek|smote_enn,0.0,True,True,12.330556800000004,1.6074095000000028,10.7231473,86.9640152827486
vehicle2,xgboost,ridge,adasyn,ros,0.0077403901496642,False,True,11.9388395,1.7834383000000005,10.1554012,85.06187892047632
vowel0,xgboost,ridge,adasyn,none,0.0022791317916336,False,False,12.33758919999999,1.8552600999999955,10.482329099999994,84.96253952109221
wisconsin,xgboost,ridge,adasyn,smote_enn,0.0065449925531715,False,False,9.512048,1.3827987999999962,8.129249200000004,85.46265956605774
yeast1,xgboost,ridge,adasyn,smote_tomek,0.0047587906811237,False,False,11.614015199999997,1.7641374999999968,9.8498777,84.8102704394601
ecoli-0_vs_1,logistic_regression,random_forest,adasyn,smote_tomek,0.0147637471075949,False,False,1.0172460999999973,0.1576374999999998,0.8596085999999975,84.50350411763681
glass1,logistic_regression,random_forest,smote_tomek,smote_enn,0.0143628179194276,False,False,1.0580544999999988,0.1421527999999998,0.9159016999999989,86.56469964448901
haberman,logistic_regression,random_forest,none,smote_enn,0.1081193070050008,False,False,0.8455914999999994,0.0950548000000002,0.7505366999999992,88.75878009653594
iris0,logistic_regression,random_forest,none,none|ros|rus|smote|smote_tomek|smote_enn,0.0,True,True,1.3112554,0.2810267000000017,1.0302286999999983,78.56811876618379
page-blocks0,logistic_regression,random_forest,rus,none,0.031191855659548,False,False,9.3963722,0.239505900000001,9.156866299999999,97.45108117364698
pima,logistic_regression,random_forest,smote_tomek,none,0.0062858801486762,False,False,1.3584931999999998,0.2450669999999997,1.1134262000000001,81.96038081015055
segment0,logistic_regression,random_forest,none,none,0.0,True,True,5.788029100000001,0.3763151000000002,5.411714000000001,93.49838963318274
shuttle-c0-vs-c4,logistic_regression,random_forest,none,none|ros|rus|smote|smote_tomek|smote_enn,0.0,True,True,3.4081883999999985,0.5004019,2.9077864999999985,85.31765732199545
vehicle2,logistic_regression,random_forest,none,ros,0.0097836710296483,False,False,2.9005068000000014,0.3685033000000004,2.532003500000001,87.29520992676176
vowel0,logistic_regression,random_forest,ros,none,0.0605514773816783,False,False,2.2967455999999977,0.1826827999999984,2.1140627999999992,92.04601502229943
wisconsin,logistic_regression,random_forest,smote,smote_enn,0.0017541605583036,False,False,1.2072141000000007,0.1244221000000003,1.0827920000000004,89.69345205626739
yeast1,logistic_regression,random_forest,none,rus,0.0376830642216541,False,False,2.0565516000000006,0.3021811999999997,1.7543704000000009,85.3064129292939
ecoli-0_vs_1,decision_tree,random_forest,smote_enn,smote_enn,0.0,True,True,0.7773905000000008,0.1294915999999997,0.647898900000001,83.34278589717785
glass1,decision_tree,random_forest,smote_enn,none,0.0673993159717691,False,False,0.7398563999999996,0.1206399000000004,0.6192164999999993,83.69414659385248
haberman,decision_tree,random_forest,smote_enn,smote_enn,0.0,True,True,0.6776106999999986,0.1094745000000001,0.5681361999999984,83.84404201409447
iris0,decision_tree,random_forest,smote_enn,none|ros|rus|smote|smote_tomek|smote_enn,0.0,True,True,0.9672043000000058,0.1949620000000003,0.7722423000000055,79.84272815991419
page-blocks0,decision_tree,random_forest,adasyn,none,0.0151573023801881,False,True,7.595065100000003,1.1676313,6.427433800000003,84.62644777067152
pima,decision_tree,random_forest,none,smote_enn,0.0297209746565257,False,True,1.4682680999999986,0.1650589,1.3032091999999986,88.75825879483453
segment0,decision_tree,random_forest,none,adasyn,0.0043849298145633,False,True,5.426655400000001,0.3328682,5.093787200000001,93.866052375465
shuttle-c0-vs-c4,decision_tree,random_forest,none,none|ros|rus|smote|smote_tomek|smote_enn,0.0,True,True,2.1616400000000002,0.2338208999999995,1.9278191000000007,89.1831711108233
vehicle2,decision_tree,random_forest,adasyn,none,0.0047011386787543,False,True,1.5138356999999996,0.1679624000000004,1.3458732999999992,88.90484614677798
vowel0,decision_tree,random_forest,smote_enn,adasyn,0.0324289080078161,False,False,1.0065831999999975,0.2290269000000009,0.7775562999999965,77.24709691161134
wisconsin,decision_tree,random_forest,smote_enn,none,0.0063400093606426,False,True,0.9080225999999996,0.1703713999999996,0.7376512,81.2370969621241
yeast1,decision_tree,random_forest,smote_enn,none,0.0091555799781563,False,True,2.4684808,0.5484498000000002,1.9200309999999998,77.78188916843104
ecoli-0_vs_1,random_forest,random_forest,ros,none|ros|smote_enn,0.0,True,True,24.150073400000004,3.3722759000000018,20.777797500000002,86.03616707848184
glass1,random_forest,random_forest,none,ros,0.0236202825651871,False,True,28.071075199999996,3.2704950000000004,24.800580199999995,88.34923501612079
haberman,random_forest,random_forest,smote_tomek,smote_enn,0.0855017595209988,False,False,25.6776669,3.5608432000000008,22.116823699999998,86.13252826330573
iris0,random_forest,random_forest,none,none|ros|rus|smote|smote_tomek|smote_enn,0.0,True,True,23.793170899999996,4.362116699999998,19.4310542,81.66651801757118
page-blocks0,random_forest,random_forest,smote_tomek,none,0.0086752355625737,False,True,38.514595,7.165259599999999,31.3493354,81.3959887154467
pima,random_forest,random_forest,smote_tomek,smote_enn,0.0041315592984536,False,False,29.841652900000007,4.433129900000001,25.408523000000006,85.14448943275525
segment0,random_forest,random_forest,none,adasyn,0.0018084850967962,False,False,33.744479600000005,3.2022751000000014,30.542204500000004,90.51022526363097
shuttle-c0-vs-c4,random_forest,random_forest,none,none|ros|rus|smote|smote_tomek|smote_enn,0.0,True,True,23.252858400000004,3.1392646999999982,20.113593700000006,86.49944602079546
vehicle2,random_forest,random_forest,none,none,0.0,True,True,26.958349599999995,3.948806399999999,23.009543199999996,85.35219529907721
vowel0,random_forest,random_forest,none,none,0.0,True,True,18.800692899999998,2.5871901999999984,16.2135027,86.2388571859498
wisconsin,random_forest,random_forest,ros,smote_tomek,0.00806619161971,False,True,30.321272399999998,6.0006979000000005,24.3205745,80.20961053072429
yeast1,random_forest,random_forest,smote_enn,smote_tomek,0.0388621127551078,False,True,29.201667399999995,3.790132399999997,25.411534999999997,87.02083566639075
ecoli-0_vs_1,xgboost,random_forest,ros,smote_enn,0.0049792328142211,False,False,7.87697159999999,1.259764599999997,6.617206999999993,84.00699324598303
glass1,xgboost,random_forest,smote_enn,ros,0.0941423807669277,False,True,9.6801854,1.3186219000000037,8.361563499999995,86.37813383202347
haberman,xgboost,random_forest,ros,smote_enn,0.082013642164018,False,False,8.419521400000008,1.4859182000000004,6.933603200000007,82.35151228429683
iris0,xgboost,random_forest,none,none|ros|rus|smote|smote_tomek|smote_enn,0.0,True,True,6.3298311,0.983847400000002,5.345983699999998,84.45697231952994
page-blocks0,xgboost,random_forest,ros,none,0.0013161030404336,False,False,34.46027029999999,4.195879500000004,30.264390799999987,87.82400873971089
pima,xgboost,random_forest,ros,none,0.0027396282655665,False,False,10.513094800000012,1.303745900000003,9.209348900000009,87.59883816514238
segment0,xgboost,random_forest,none,none,0.0,True,True,22.42828750000003,2.632413900000003,19.79587360000003,88.26297415707731
shuttle-c0-vs-c4,xgboost,random_forest,none,none|ros|smote|smote_tomek|smote_enn,0.0,True,True,12.330556800000004,1.7991220999999982,10.531434700000005,85.4092387782521
vehicle2,xgboost,random_forest,none,ros,0.0047246472903151,False,True,11.9388395,1.7943633999999946,10.144476100000006,84.97037002633301
vowel0,xgboost,random_forest,ros,none,0.0069138923137219,False,True,12.33758919999999,1.538400099999997,10.799189099999992,87.53078842988225
wisconsin,xgboost,random_forest,ros,smote_enn,0.0064719006881309,False,False,9.512048,1.2657211000000004,8.2463269,86.69349544913987
yeast1,xgboost,random_forest,none,smote_tomek,0.0140169456501404,False,False,11.614015199999997,1.655627199999998,9.958388,85.74457522666236
ecoli-0_vs_1,logistic_regression,gradient_boosting,adasyn,smote_tomek,0.0147637471075949,False,False,1.0172460999999973,0.1576374999999998,0.8596085999999975,84.50350411763681
glass1,logistic_regression,gradient_boosting,ros,smote_enn,0.0039960790523897,False,False,1.0580544999999988,0.1142134000000001,0.9438410999999987,89.20533866639192
haberman,logistic_regression,gradient_boosting,smote,smote_enn,0.0171839979701443,False,False,0.8455914999999994,0.1387938999999995,0.7067975999999999,83.5861760672855
iris0,logistic_regression,gradient_boosting,none,none|ros|rus|smote|smote_tomek|smote_enn,0.0,True,True,1.3112554,0.2810267000000017,1.0302286999999983,78.56811876618379
page-blocks0,logistic_regression,gradient_boosting,none,none,0.0,True,True,9.3963722,0.5377964999999989,8.858575700000001,94.27655175260087
pima,logistic_regression,gradient_boosting,ros,none,0.0118262062199504,False,False,1.3584931999999998,0.2428765999999997,1.1156166,82.1216182753068
segment0,logistic_regression,gradient_boosting,none,none,0.0,True,True,5.788029100000001,0.3763151000000002,5.411714000000001,93.49838963318274
shuttle-c0-vs-c4,logistic_regression,gradient_boosting,none,none|ros|rus|smote|smote_tomek|smote_enn,0.0,True,True,3.4081883999999985,0.5004019,2.9077864999999985,85.31765732199545
vehicle2,logistic_regression,gradient_boosting,none,ros,0.0097836710296483,False,True,2.9005068000000014,0.3685033000000004,2.532003500000001,87.29520992676176
vowel0,logistic_regression,gradient_boosting,ros,none,0.0605514773816783,False,False,2.2967455999999977,0.1826827999999984,2.1140627999999992,92.04601502229943
wisconsin,logistic_regression,gradient_boosting,ros,smote_enn,0.0033252476266334,False,True,1.2072141000000007,0.1181906000000001,1.0890235000000006,90.20964052689577
yeast1,logistic_regression,gradient_boosting,ros,rus,0.0092183801455087,False,False,2.0565516000000006,0.1298962999999999,1.9266553000000006,93.68378114120745
ecoli-0_vs_1,decision_tree,gradient_boosting,none,smote_enn,0.0197429799218161,False,True,0.7773905000000008,0.1590112999999995,0.6183792000000012,79.54550512258648
glass1,decision_tree,gradient_boosting,smote_enn,none,0.0673993159717691,False,True,0.7398563999999996,0.1206399000000004,0.6192164999999993,83.69414659385248
haberman,decision_tree,gradient_boosting,smote_enn,smote_enn,0.0,True,True,0.6776106999999986,0.1094745000000001,0.5681361999999984,83.84404201409447
iris0,decision_tree,gradient_boosting,smote_enn,none|ros|rus|smote|smote_tomek|smote_enn,0.0,True,True,0.9672043000000058,0.1949620000000003,0.7722423000000055,79.84272815991419
page-blocks0,decision_tree,gradient_boosting,adasyn,none,0.0151573023801881,False,True,7.595065100000003,1.1676313,6.427433800000003,84.62644777067152
pima,decision_tree,gradient_boosting,none,smote_enn,0.0297209746565257,False,False,1.4682680999999986,0.1650589,1.3032091999999986,88.75825879483453
segment0,decision_tree,gradient_boosting,none,adasyn,0.0043849298145633,False,True,5.426655400000001,0.3328682,5.093787200000001,93.866052375465
shuttle-c0-vs-c4,decision_tree,gradient_boosting,none,none|ros|rus|smote|smote_tomek|smote_enn,0.0,True,True,2.1616400000000002,0.2338208999999995,1.9278191000000007,89.1831711108233
vehicle2,decision_tree,gradient_boosting,smote_enn,none,0.0189238752142956,False,True,1.5138356999999996,0.5276239999999994,0.9862117000000001,65.14654793779803
vowel0,decision_tree,gradient_boosting,none,adasyn,0.0315906186252693,False,True,1.0065831999999975,0.0795946,0.9269885999999975,92.09259602186883
wisconsin,decision_tree,gradient_boosting,smote_enn,none,0.0063400093606426,False,True,0.9080225999999996,0.1703713999999996,0.7376512,81.2370969621241
yeast1,decision_tree,gradient_boosting,smote_enn,none,0.0091555799781563,False,True,2.4684808,0.5484498000000002,1.9200309999999998,77.78188916843104
ecoli-0_vs_1,random_forest,gradient_boosting,smote,none|ros|smote_enn,0.0049792328142211,False,True,24.150073400000004,3.823396299999999,20.326677100000005,84.16817938118567
glass1,random_forest,gradient_boosting,smote_tomek,ros,0.0351317021079368,False,False,28.071075199999996,3.8806072999999977,24.190467899999998,86.17577961531022
haberman,random_forest,gradient_boosting,ros,smote_enn,0.0971311223575734,False,False,25.6776669,3.0236871,22.6539798,88.22444768142077
iris0,random_forest,gradient_boosting,none,none|ros|rus|smote|smote_tomek|smote_enn,0.0,True,True,23.793170899999996,4.362116699999998,19.4310542,81.66651801757118
page-blocks0,random_forest,gradient_boosting,ros,none,0.0008702984041073,False,False,38.514595,4.652307900000004,33.862287099999996,87.92066254364092
pima,random_forest,gradient_boosting,adasyn,smote_enn,0.001867855983061,False,False,29.841652900000007,4.380230300000001,25.461422600000006,85.3217570934216
segment0,random_forest,gradient_boosting,none,adasyn,0.0018084850967962,False,False,33.744479600000005,3.2022751000000014,30.542204500000004,90.51022526363097
shuttle-c0-vs-c4,random_forest,gradient_boosting,none,none|ros|rus|smote|smote_tomek|smote_enn,0.0,True,True,23.252858400000004,3.1392646999999982,20.113593700000006,86.49944602079546
vehicle2,random_forest,gradient_boosting,none,none,0.0,True,True,26.958349599999995,3.948806399999999,23.009543199999996,85.35219529907721
vowel0,random_forest,gradient_boosting,adasyn,none,0.0507342377684669,False,False,18.800692899999998,2.7080026000000004,16.092690299999997,85.59626172075816
wisconsin,random_forest,gradient_boosting,none,smote_tomek,0.0064946800711743,False,False,30.321272399999998,3.4410302999999995,26.880242099999997,88.6514317255367
yeast1,random_forest,gradient_boosting,adasyn,smote_tomek,0.0122441020220618,False,True,29.201667399999995,3.5675926999999987,25.634074699999996,87.78291440988059
ecoli-0_vs_1,xgboost,gradient_boosting,adasyn,smote_enn,0.0148497924919828,False,False,7.87697159999999,1.0988431999999977,6.778128399999993,86.04992812212248
glass1,xgboost,gradient_boosting,adasyn,ros,0.0081573112895297,False,True,9.6801854,1.4006162000000018,8.279569199999997,85.5311015014237
haberman,xgboost,gradient_boosting,ros,smote_enn,0.082013642164018,False,False,8.419521400000008,1.4859182000000004,6.933603200000007,82.35151228429683
iris0,xgboost,gradient_boosting,none,none|ros|rus|smote|smote_tomek|smote_enn,0.0,True,True,6.3298311,0.983847400000002,5.345983699999998,84.45697231952994
page-blocks0,xgboost,gradient_boosting,adasyn,none,0.01798818029755,False,False,34.46027029999999,5.967174700000001,28.49309559999999,82.68390048002613
pima,xgboost,gradient_boosting,adasyn,none,0.0056860041966825,False,False,10.513094800000012,1.719032299999995,8.794062500000017,83.64865595999387
segment0,xgboost,gradient_boosting,none,none,0.0,True,True,22.42828750000003,2.632413900000003,19.79587360000003,88.26297415707731
shuttle-c0-vs-c4,xgboost,gradient_boosting,none,none|ros|smote|smote_tomek|smote_enn,0.0,True,True,12.330556800000004,1.7991220999999982,10.531434700000005,85.4092387782521
vehicle2,xgboost,gradient_boosting,none,ros,0.0047246472903151,False,True,11.9388395,1.7943633999999946,10.144476100000006,84.97037002633301
vowel0,xgboost,gradient_boosting,ros,none,0.0069138923137219,False,True,12.33758919999999,1.538400099999997,10.799189099999992,87.53078842988225
wisconsin,xgboost,gradient_boosting,ros,smote_enn,0.0064719006881309,False,False,9.512048,1.2657211000000004,8.2463269,86.69349544913987
yeast1,xgboost,gradient_boosting,ros,smote_tomek,0.0011260622427152,False,False,11.614015199999997,1.3932509999999994,10.220764199999998,88.00370951813461
ecoli-0_vs_1,logistic_regression,xgboost,smote_enn,smote_tomek,0.0200405365398191,False,True,1.0172460999999973,0.2055846999999993,0.811661399999998,79.79007243183337
glass1,logistic_regression,xgboost,none,smote_enn,0.1087160768708829,False,False,1.0580544999999988,0.1123254,0.9457290999999988,89.38377937998466
haberman,logistic_regression,xgboost,smote,smote_enn,0.0171839979701443,False,False,0.8455914999999994,0.1387938999999995,0.7067975999999999,83.5861760672855
iris0,logistic_regression,xgboost,none,none|ros|rus|smote|smote_tomek|smote_enn,0.0,True,True,1.3112554,0.2810267000000017,1.0302286999999983,78.56811876618379
page-blocks0,logistic_regression,xgboost,rus,none,0.031191855659548,False,False,9.3963722,0.239505900000001,9.156866299999999,97.45108117364698
pima,logistic_regression,xgboost,rus,none,0.0158888575630667,False,False,1.3584931999999998,0.1479898999999997,1.2105033,89.10632014941261
segment0,logistic_regression,xgboost,none,none,0.0,True,True,5.788029100000001,0.3763151000000002,5.411714000000001,93.49838963318274
shuttle-c0-vs-c4,logistic_regression,xgboost,none,none|ros|rus|smote|smote_tomek|smote_enn,0.0,True,True,3.4081883999999985,0.5004019,2.9077864999999985,85.31765732199545
vehicle2,logistic_regression,xgboost,none,ros,0.0097836710296483,False,False,2.9005068000000014,0.3685033000000004,2.532003500000001,87.29520992676176
vowel0,logistic_regression,xgboost,smote,none,0.0588865532813794,False,False,2.2967455999999977,0.1878190999999986,2.108926499999999,91.82238119885811
wisconsin,logistic_regression,xgboost,smote_tomek,smote_enn,0.0017541605583036,False,False,1.2072141000000007,0.2106823999999996,0.9965317000000011,82.54805009318567
yeast1,logistic_regression,xgboost,smote_tomek,rus,0.0077365045042646,False,False,2.0565516000000006,0.4909907000000002,1.5655609000000004,76.1255346085165
ecoli-0_vs_1,decision_tree,xgboost,none,smote_enn,0.0197429799218161,False,False,0.7773905000000008,0.1590112999999995,0.6183792000000012,79.54550512258648
glass1,decision_tree,xgboost,smote_enn,none,0.0673993159717691,False,True,0.7398563999999996,0.1206399000000004,0.6192164999999993,83.69414659385248
haberman,decision_tree,xgboost,smote_enn,smote_enn,0.0,True,True,0.6776106999999986,0.1094745000000001,0.5681361999999984,83.84404201409447
iris0,decision_tree,xgboost,none,none|ros|rus|smote|smote_tomek|smote_enn,0.0,True,True,0.9672043000000058,0.1019786000000024,0.8652257000000034,89.45635374036264
page-blocks0,decision_tree,xgboost,adasyn,none,0.0151573023801881,False,True,7.595065100000003,1.1676313,6.427433800000003,84.62644777067152
pima,decision_tree,xgboost,none,smote_enn,0.0297209746565257,False,True,1.4682680999999986,0.1650589,1.3032091999999986,88.75825879483453
segment0,decision_tree,xgboost,none,adasyn,0.0043849298145633,False,True,5.426655400000001,0.3328682,5.093787200000001,93.866052375465
shuttle-c0-vs-c4,decision_tree,xgboost,none,none|ros|rus|smote|smote_tomek|smote_enn,0.0,True,True,2.1616400000000002,0.2338208999999995,1.9278191000000007,89.1831711108233
vehicle2,decision_tree,xgboost,adasyn,none,0.0047011386787543,False,False,1.5138356999999996,0.1679624000000004,1.3458732999999992,88.90484614677798
vowel0,decision_tree,xgboost,none,adasyn,0.0315906186252693,False,False,1.0065831999999975,0.0795946,0.9269885999999975,92.09259602186883
wisconsin,decision_tree,xgboost,smote_enn,none,0.0063400093606426,False,True,0.9080225999999996,0.1703713999999996,0.7376512,81.2370969621241
yeast1,decision_tree,xgboost,smote_enn,none,0.0091555799781563,False,True,2.4684808,0.5484498000000002,1.9200309999999998,77.78188916843104
ecoli-0_vs_1,random_forest,xgboost,adasyn,none|ros|smote_enn,0.0148497924919828,False,True,24.150073400000004,3.3811057000000027,20.7689677,85.99960487076615
glass1,random_forest,xgboost,smote_enn,ros,0.0779389794333992,False,False,28.071075199999996,4.714617400000002,23.356457799999994,83.20471386860164
haberman,random_forest,xgboost,smote,smote_enn,0.1065802330295101,False,False,25.6776669,4.027326799999999,21.6503401,84.31583828980975
iris0,random_forest,xgboost,none,none|ros|rus|smote|smote_tomek|smote_enn,0.0,True,True,23.793170899999996,4.362116699999998,19.4310542,81.66651801757118
page-blocks0,random_forest,xgboost,smote_tomek,none,0.0086752355625737,False,False,38.514595,7.165259599999999,31.3493354,81.3959887154467
pima,random_forest,xgboost,smote,smote_enn,0.008956020684214,False,False,29.841652900000007,5.3624829,24.479170000000007,82.03020818595475
segment0,random_forest,xgboost,none,adasyn,0.0018084850967962,False,False,33.744479600000005,3.2022751000000014,30.542204500000004,90.51022526363097
shuttle-c0-vs-c4,random_forest,xgboost,none,none|ros|rus|smote|smote_tomek|smote_enn,0.0,True,True,23.252858400000004,3.1392646999999982,20.113593700000006,86.49944602079546
vehicle2,random_forest,xgboost,none,none,0.0,True,True,26.958349599999995,3.948806399999999,23.009543199999996,85.35219529907721
vowel0,random_forest,xgboost,adasyn,none,0.0507342377684669,False,True,18.800692899999998,2.7080026000000004,16.092690299999997,85.59626172075816
wisconsin,random_forest,xgboost,adasyn,smote_tomek,0.0096349253381279,False,True,30.321272399999998,3.0693589999999986,27.2519134,89.87720911078917
yeast1,random_forest,xgboost,smote_enn,smote_tomek,0.0388621127551078,False,True,29.201667399999995,3.790132399999997,25.411534999999997,87.02083566639075
ecoli-0_vs_1,xgboost,xgboost,adasyn,smote_enn,0.0148497924919828,False,False,7.87697159999999,1.0988431999999977,6.778128399999993,86.04992812212248
glass1,xgboost,xgboost,smote_enn,ros,0.0941423807669277,False,True,9.6801854,1.3186219000000037,8.361563499999995,86.37813383202347
haberman,xgboost,xgboost,ros,smote_enn,0.082013642164018,False,True,8.419521400000008,1.4859182000000004,6.933603200000007,82.35151228429683
iris0,xgboost,xgboost,none,none|ros|rus|smote|smote_tomek|smote_enn,0.0,True,True,6.3298311,0.983847400000002,5.345983699999998,84.45697231952994
page-blocks0,xgboost,xgboost,adasyn,none,0.01798818029755,False,False,34.46027029999999,5.967174700000001,28.49309559999999,82.68390048002613
pima,xgboost,xgboost,ros,none,0.0027396282655665,False,False,10.513094800000012,1.303745900000003,9.209348900000009,87.59883816514238
segment0,xgboost,xgboost,none,none,0.0,True,True,22.42828750000003,2.632413900000003,19.79587360000003,88.26297415707731
shuttle-c0-vs-c4,xgboost,xgboost,none,none|ros|smote|smote_tomek|smote_enn,0.0,True,True,12.330556800000004,1.7991220999999982,10.531434700000005,85.4092387782521
vehicle2,xgboost,xgboost,none,ros,0.0047246472903151,False,True,11.9388395,1.7943633999999946,10.144476100000006,84.97037002633301
vowel0,xgboost,xgboost,ros,none,0.0069138923137219,False,False,12.33758919999999,1.538400099999997,10.799189099999992,87.53078842988225
wisconsin,xgboost,xgboost,ros,smote_enn,0.0064719006881309,False,False,9.512048,1.2657211000000004,8.2463269,86.69349544913987
yeast1,xgboost,xgboost,smote_enn,smote_tomek,0.0285836666934617,False,False,11.614015199999997,2.0128838999999985,9.601131299999999,82.66849263293543
